<?xml version="1.0" encoding="UTF-8"?>
<Configuration status="INFO">
    <Appenders>
        <Console name="Console" target="SYSTEM_OUT">
            <PatternLayout pattern="%d{HH:mm:ss.SSS} [%t] %-5level %logger{36} - %msg%n"/>
        </Console>

        <RollingFile name="FileAppender" fileName="C:/Workspace/logs/bankappAdminDashboardService.log" 
                    filePattern="C:/Workspace/logs/bankappAdminDashboardService-%d{yyyy-MM-dd}.log.gz">
            <PatternLayout>
                <Pattern>%d{yyyy-MM-dd HH:mm:ss} %-5level %logger{36} - %msg%n</Pattern>
            </PatternLayout>
            <Policies>
                <TimeBasedTriggeringPolicy interval="1"/>
            </Policies>
        </RollingFile>
    </Appenders>

    <Loggers>
        <Root level="info">
            <AppenderRef ref="Console"/>
            <AppenderRef ref="FileAppender"/>
        </Root>
    </Loggers>
</Configuration>

